,Star,Review_Title,Review_Description
0,5,Perfect product!,Nice product with all features specially its looks and camera battery backup is goodYou should buy it without any issuesREAD MORE
1,5,Mind-blowing purchase,High quality camerağŸ˜READ MORE
2,5,Just wow!,Camera Quality Is Improved Loving ItREAD MORE
3,5,Awesome,Switch from OnePlus to iPhone I am stunned with camera performance. Everything is perfect on  iPhone 15.READ MORE
4,4,Worth the money,Best mobile phoneCamera quality is very niceBattery backup is very goodSound quality is amazing.READ MORE
5,4,Good choice,Very niceREAD MORE
6,5,Worth every penny,Awesome photography experience. Battery backup is good . Display is much better than 14 version.READ MORE
7,5,Classy product,Nice â¤ï¸READ MORE
8,5,Highly recommended,I love this phone. The camera is amazing: its I am so happyREAD MORE
9,5,Worth every penny,"Just loved the product , colour , design is wow and camera is amazing , just clicked first picture of my grandmother ğŸ‘µğŸ»  in portrait mode and results r here in front of you guys ğŸ˜ğŸ˜˜READ MORE"
10,5,Perfect product!,Nice product with all features specially its looks and camera battery backup is goodYou should buy it without any issuesREAD MORE
11,5,Mind-blowing purchase,High quality camerağŸ˜READ MORE
12,5,Just wow!,Camera Quality Is Improved Loving ItREAD MORE
13,5,Awesome,Switch from OnePlus to iPhone I am stunned with camera performance. Everything is perfect on  iPhone 15.READ MORE
14,4,Worth the money,Best mobile phoneCamera quality is very niceBattery backup is very goodSound quality is amazing.READ MORE
15,4,Good choice,Very niceREAD MORE
16,5,Worth every penny,Awesome photography experience. Battery backup is good . Display is much better than 14 version.READ MORE
17,5,Classy product,Nice â¤ï¸READ MORE
18,5,Highly recommended,I love this phone. The camera is amazing: its I am so happyREAD MORE
19,5,Worth every penny,"Just loved the product , colour , design is wow and camera is amazing , just clicked first picture of my grandmother ğŸ‘µğŸ»  in portrait mode and results r here in front of you guys ğŸ˜ğŸ˜˜READ MORE"
20,5,Perfect product!,Nice product with all features specially its looks and camera battery backup is goodYou should buy it without any issuesREAD MORE
21,5,Mind-blowing purchase,High quality camerağŸ˜READ MORE
22,5,Just wow!,Camera Quality Is Improved Loving ItREAD MORE
23,5,Awesome,Switch from OnePlus to iPhone I am stunned with camera performance. Everything is perfect on  iPhone 15.READ MORE
24,4,Worth the money,Best mobile phoneCamera quality is very niceBattery backup is very goodSound quality is amazing.READ MORE
25,4,Good choice,Very niceREAD MORE
26,5,Worth every penny,Awesome photography experience. Battery backup is good . Display is much better than 14 version.READ MORE
27,5,Classy product,Nice â¤ï¸READ MORE
28,5,Highly recommended,I love this phone. The camera is amazing: its I am so happyREAD MORE
29,5,Worth every penny,"Just loved the product , colour , design is wow and camera is amazing , just clicked first picture of my grandmother ğŸ‘µğŸ»  in portrait mode and results r here in front of you guys ğŸ˜ğŸ˜˜READ MORE"
30,5,Perfect product!,Nice product with all features specially its looks and camera battery backup is goodYou should buy it without any issuesREAD MORE
31,5,Mind-blowing purchase,High quality camerağŸ˜READ MORE
32,5,Just wow!,Camera Quality Is Improved Loving ItREAD MORE
33,5,Awesome,Switch from OnePlus to iPhone I am stunned with camera performance. Everything is perfect on  iPhone 15.READ MORE
34,4,Worth the money,Best mobile phoneCamera quality is very niceBattery backup is very goodSound quality is amazing.READ MORE
35,4,Good choice,Very niceREAD MORE
36,5,Worth every penny,Awesome photography experience. Battery backup is good . Display is much better than 14 version.READ MORE
37,5,Classy product,Nice â¤ï¸READ MORE
38,5,Highly recommended,I love this phone. The camera is amazing: its I am so happyREAD MORE
39,5,Worth every penny,"Just loved the product , colour , design is wow and camera is amazing , just clicked first picture of my grandmother ğŸ‘µğŸ»  in portrait mode and results r here in front of you guys ğŸ˜ğŸ˜˜READ MORE"
40,5,Perfect product!,Nice product with all features specially its looks and camera battery backup is goodYou should buy it without any issuesREAD MORE
41,5,Mind-blowing purchase,High quality camerağŸ˜READ MORE
42,5,Just wow!,Camera Quality Is Improved Loving ItREAD MORE
43,5,Awesome,Switch from OnePlus to iPhone I am stunned with camera performance. Everything is perfect on  iPhone 15.READ MORE
44,4,Worth the money,Best mobile phoneCamera quality is very niceBattery backup is very goodSound quality is amazing.READ MORE
45,4,Good choice,Very niceREAD MORE
46,5,Worth every penny,Awesome photography experience. Battery backup is good . Display is much better than 14 version.READ MORE
47,5,Classy product,Nice â¤ï¸READ MORE
48,5,Highly recommended,I love this phone. The camera is amazing: its I am so happyREAD MORE
49,5,Worth every penny,"Just loved the product , colour , design is wow and camera is amazing , just clicked first picture of my grandmother ğŸ‘µğŸ»  in portrait mode and results r here in front of you guys ğŸ˜ğŸ˜˜READ MORE"
50,5,Perfect product!,Nice product with all features specially its looks and camera battery backup is goodYou should buy it without any issuesREAD MORE
51,5,Mind-blowing purchase,High quality camerağŸ˜READ MORE
52,5,Just wow!,Camera Quality Is Improved Loving ItREAD MORE
53,5,Awesome,Switch from OnePlus to iPhone I am stunned with camera performance. Everything is perfect on  iPhone 15.READ MORE
54,4,Worth the money,Best mobile phoneCamera quality is very niceBattery backup is very goodSound quality is amazing.READ MORE
55,4,Good choice,Very niceREAD MORE
56,5,Worth every penny,Awesome photography experience. Battery backup is good . Display is much better than 14 version.READ MORE
57,5,Classy product,Nice â¤ï¸READ MORE
58,5,Highly recommended,I love this phone. The camera is amazing: its I am so happyREAD MORE
59,5,Worth every penny,"Just loved the product , colour , design is wow and camera is amazing , just clicked first picture of my grandmother ğŸ‘µğŸ»  in portrait mode and results r here in front of you guys ğŸ˜ğŸ˜˜READ MORE"
60,5,Perfect product!,Nice product with all features specially its looks and camera battery backup is goodYou should buy it without any issuesREAD MORE
61,5,Mind-blowing purchase,High quality camerağŸ˜READ MORE
62,5,Just wow!,Camera Quality Is Improved Loving ItREAD MORE
63,5,Awesome,Switch from OnePlus to iPhone I am stunned with camera performance. Everything is perfect on  iPhone 15.READ MORE
64,4,Worth the money,Best mobile phoneCamera quality is very niceBattery backup is very goodSound quality is amazing.READ MORE
65,4,Good choice,Very niceREAD MORE
66,5,Worth every penny,Awesome photography experience. Battery backup is good . Display is much better than 14 version.READ MORE
67,5,Classy product,Nice â¤ï¸READ MORE
68,5,Highly recommended,I love this phone. The camera is amazing: its I am so happyREAD MORE
69,5,Worth every penny,"Just loved the product , colour , design is wow and camera is amazing , just clicked first picture of my grandmother ğŸ‘µğŸ»  in portrait mode and results r here in front of you guys ğŸ˜ğŸ˜˜READ MORE"
70,5,Perfect product!,Nice product with all features specially its looks and camera battery backup is goodYou should buy it without any issuesREAD MORE
71,5,Mind-blowing purchase,High quality camerağŸ˜READ MORE
72,5,Just wow!,Camera Quality Is Improved Loving ItREAD MORE
73,5,Awesome,Switch from OnePlus to iPhone I am stunned with camera performance. Everything is perfect on  iPhone 15.READ MORE
74,4,Worth the money,Best mobile phoneCamera quality is very niceBattery backup is very goodSound quality is amazing.READ MORE
75,4,Good choice,Very niceREAD MORE
76,5,Worth every penny,Awesome photography experience. Battery backup is good . Display is much better than 14 version.READ MORE
77,5,Classy product,Nice â¤ï¸READ MORE
78,5,Highly recommended,I love this phone. The camera is amazing: its I am so happyREAD MORE
79,5,Worth every penny,"Just loved the product , colour , design is wow and camera is amazing , just clicked first picture of my grandmother ğŸ‘µğŸ»  in portrait mode and results r here in front of you guys ğŸ˜ğŸ˜˜READ MORE"
80,5,Perfect product!,Nice product with all features specially its looks and camera battery backup is goodYou should buy it without any issuesREAD MORE
81,5,Mind-blowing purchase,High quality camerağŸ˜READ MORE
82,5,Just wow!,Camera Quality Is Improved Loving ItREAD MORE
83,5,Awesome,Switch from OnePlus to iPhone I am stunned with camera performance. Everything is perfect on  iPhone 15.READ MORE
84,4,Worth the money,Best mobile phoneCamera quality is very niceBattery backup is very goodSound quality is amazing.READ MORE
85,4,Good choice,Very niceREAD MORE
86,5,Worth every penny,Awesome photography experience. Battery backup is good . Display is much better than 14 version.READ MORE
87,5,Classy product,Nice â¤ï¸READ MORE
88,5,Highly recommended,I love this phone. The camera is amazing: its I am so happyREAD MORE
89,5,Worth every penny,"Just loved the product , colour , design is wow and camera is amazing , just clicked first picture of my grandmother ğŸ‘µğŸ»  in portrait mode and results r here in front of you guys ğŸ˜ğŸ˜˜READ MORE"
90,5,Perfect product!,Nice product with all features specially its looks and camera battery backup is goodYou should buy it without any issuesREAD MORE
91,5,Mind-blowing purchase,High quality camerağŸ˜READ MORE
92,5,Just wow!,Camera Quality Is Improved Loving ItREAD MORE
93,5,Awesome,Switch from OnePlus to iPhone I am stunned with camera performance. Everything is perfect on  iPhone 15.READ MORE
94,4,Worth the money,Best mobile phoneCamera quality is very niceBattery backup is very goodSound quality is amazing.READ MORE
95,4,Good choice,Very niceREAD MORE
96,5,Worth every penny,Awesome photography experience. Battery backup is good . Display is much better than 14 version.READ MORE
97,5,Classy product,Nice â¤ï¸READ MORE
98,5,Highly recommended,I love this phone. The camera is amazing: its I am so happyREAD MORE
99,5,Worth every penny,"Just loved the product , colour , design is wow and camera is amazing , just clicked first picture of my grandmother ğŸ‘µğŸ»  in portrait mode and results r here in front of you guys ğŸ˜ğŸ˜˜READ MORE"
100,5,Perfect product!,Nice product with all features specially its looks and camera battery backup is goodYou should buy it without any issuesREAD MORE
101,5,Mind-blowing purchase,High quality camerağŸ˜READ MORE
102,5,Just wow!,Camera Quality Is Improved Loving ItREAD MORE
103,5,Awesome,Switch from OnePlus to iPhone I am stunned with camera performance. Everything is perfect on  iPhone 15.READ MORE
104,4,Worth the money,Best mobile phoneCamera quality is very niceBattery backup is very goodSound quality is amazing.READ MORE
105,4,Good choice,Very niceREAD MORE
106,5,Worth every penny,Awesome photography experience. Battery backup is good . Display is much better than 14 version.READ MORE
107,5,Classy product,Nice â¤ï¸READ MORE
108,5,Highly recommended,I love this phone. The camera is amazing: its I am so happyREAD MORE
109,5,Worth every penny,"Just loved the product , colour , design is wow and camera is amazing , just clicked first picture of my grandmother ğŸ‘µğŸ»  in portrait mode and results r here in front of you guys ğŸ˜ğŸ˜˜READ MORE"
